{
    "USDT": 69822.2585341466,
    "holdings": {
        "SOL": 4.580352099321783e-05,
        "BTC": 1.8886560803080266e-05,
        "ETH": 3.833643825327252
    }
}